{
  "name": "森林",
  "description": "把你的密码藏进森林",
  "data": [
    {
      "audioName": "鸟鸣.mp3",
      "duration": 0,
      "isLineAudio": true,
      "isPointAudio": false,
      "isRawRes": true,
      "startPlayTime": 0,
      "totalEndTime": 0,
      "frequency": 0,
      "names": [],
      "volume": 1.0,
      "pitch": 0.0,
      "speed": 0.0
    },
    {
      "audioName": "森林.mp3",
      "duration": 0,
      "isLineAudio": true,
      "isPointAudio": false,
      "isRawRes": true,
      "startPlayTime": 0,
      "totalEndTime": 0,
      "frequency": 0,
      "names": [],
      "volume": 1.0,
      "pitch": 0.0,
      "speed": 0.0
    },
    {
      "audioName": "溪流.mp3",
      "duration": 0,
      "isLineAudio": true,
      "isPointAudio": false,
      "isRawRes": true,
      "startPlayTime": 0,
      "totalEndTime": 0,
      "frequency": 0,
      "names": [],
      "volume": 1.0,
      "pitch": 0.0,
      "speed": 0.0
    },
    {
      "duration": 4049,
      "frequency": 17,
      "isLineAudio": false,
      "isPointAudio": true,
      "isRawRes": true,
      "names": [
        "庄稼地1.mp3",
        "庄稼地2.mp3",
        "庄稼地3.mp3",
        "庄稼地4.mp3",
        "庄稼地5.mp3"
      ],
      "startPlayTime": 0,
      "totalEndTime": 120059,
      "pitch": 0.0,
      "speed": 0.0,
      "volume": 1.0
    },
    {
      "duration": 3448,
      "frequency": 25,
      "isLineAudio": false,
      "isPointAudio": true,
      "isRawRes": true,
      "names": [
        "鸟1.mp3",
        "鸟2.mp3",
        "鸟3.mp3",
        "鸟4.mp3",
        "鸟5.mp3",
        "鸟6.mp3",
        "鸟7.mp3",
        "鸟8.mp3",
        "鸟9.mp3",
        "鸟10.mp3"
      ],
      "startPlayTime": 0,
      "totalEndTime": 120059,
      "pitch": 0.0,
      "speed": 0.0,
      "volume": 1.0
    },
    {
      "duration": 13897,
      "frequency": 4,
      "isLineAudio": false,
      "isPointAudio": true,
      "isRawRes": true,
      "names": [
        "风吹树叶1.mp3",
        "风吹树叶2.mp3",
        "风吹树叶3.mp3",
        "风吹树叶4.mp3",
        "风吹树叶5.mp3"
      ],
      "startPlayTime": 0,
      "totalEndTime": 120059,
      "pitch": 0.0,
      "speed": 0.0,
      "volume": 1.0
    }
  ]
}