[
  {
    "isLineAudio": true,
    "name": "KOTO 琴",
    "size": 1,
    "type": "mp3",
    "duration": 0
  },
  {
    "isLineAudio": true,
    "name": "夏雨",
    "size": 1,
    "type": "mp3",
    "duration": 0
  },
  {
    "isLineAudio": true,
    "name": "大厅环境",
    "size": 1,
    "type": "mp3",
    "duration": 0
  },
  {
    "isLineAudio": true,
    "name": "学习环境",
    "size": 1,
    "type": "mp3",
    "duration": 0
  },
  {
    "isLineAudio": false,
    "name": "庄稼地",
    "size": 5,
    "type": "mp3",
    "duration": 4049
  },
  {
    "isLineAudio": true,
    "name": "快艇",
    "size": 1,
    "type": "mp3",
    "duration": 0
  },
  {
    "isLineAudio": true,
    "name": "时钟",
    "size": 1,
    "type": "mp3",
    "duration": 0
  },
  {
    "isLineAudio": true,
    "name": "森林",
    "size": 1,
    "type": "mp3",
    "duration": 0
  },
  {
    "isLineAudio": true,
    "name": "河流",
    "size": 1,
    "type": "mp3",
    "duration": 0
  },
  {
    "isLineAudio": false,
    "name": "海浪",
    "size": 6,
    "type": "mp3",
    "duration": 7176
  },
  {
    "isLineAudio": false,
    "name": "海鸥",
    "size": 5,
    "type": "mp3",
    "duration": 18816
  },
  {
    "isLineAudio": true,
    "name": "溪流",
    "size": 1,
    "type": "mp3",
    "duration": 0
  },
  {
    "isLineAudio": false,
    "name": "火焰啪啪",
    "size": 4,
    "type": "mp3",
    "duration": 816
  },
  {
    "isLineAudio": true,
    "name": "火车",
    "size": 1,
    "type": "mp3",
    "duration": 0
  },
  {
    "isLineAudio": true,
    "name": "炉火",
    "size": 1,
    "type": "mp3",
    "duration": 0
  },
  {
    "isLineAudio": true,
    "name": "空气",
    "size": 1,
    "type": "mp3",
    "duration": 0
  },
  {
    "isLineAudio": true,
    "name": "窗外的风",
    "size": 1,
    "type": "mp3",
    "duration": 0
  },
  {
    "isLineAudio": true,
    "name": "细雨（刚停的雨）",
    "size": 1,
    "type": "mp3",
    "duration": 0
  },
  {
    "isLineAudio": false,
    "name": "翻书",
    "size": 5,
    "type": "mp3",
    "duration": 6768
  },
  {
    "isLineAudio": true,
    "name": "聊天（人声）",
    "size": 1,
    "type": "mp3",
    "duration": 0
  },
  {
    "isLineAudio": false,
    "name": "船笛",
    "size": 2,
    "type": "mp3",
    "duration": 8472
  },
  {
    "isLineAudio": true,
    "name": "蛐蛐叫",
    "size": 1,
    "type": "mp3",
    "duration": 0
  },
  {
    "isLineAudio": true,
    "name": "蝉鸣",
    "size": 1,
    "type": "mp3",
    "duration": 0
  },
  {
    "isLineAudio": false,
    "name": "近处虫鸣",
    "size": 7,
    "type": "mp3",
    "duration": 2352
  },
  {
    "isLineAudio": true,
    "name": "近海",
    "size": 1,
    "type": "mp3",
    "duration": 0
  },
  {
    "isLineAudio": true,
    "name": "远海",
    "size": 1,
    "type": "mp3",
    "duration": 0
  },
  {
    "isLineAudio": true,
    "name": "钢琴",
    "size": 1,
    "type": "mp3",
    "duration": 0
  },
  {
    "isLineAudio": true,
    "name": "雨打树叶",
    "size": 1,
    "type": "mp3",
    "duration": 0
  },
  {
    "isLineAudio": false,
    "name": "雨滴",
    "size": 8,
    "type": "mp3",
    "duration": 2064
  },
  {
    "isLineAudio": false,
    "name": "雷",
    "size": 3,
    "type": "mp3",
    "duration": 8046
  },
  {
    "isLineAudio": false,
    "name": "青蛙",
    "size": 5,
    "type": "mp3",
    "duration": 3082
  },
  {
    "isLineAudio": true,
    "name": "风",
    "size": 1,
    "type": "mp3",
    "duration": 0
  },
  {
    "isLineAudio": false,
    "name": "风吹树叶",
    "size": 5,
    "type": "mp3",
    "duration": 13897
  },
  {
    "isLineAudio": false,
    "name": "风吹树声",
    "size": 2,
    "type": "mp3",
    "duration": 19800
  },
  {
    "isLineAudio": false,
    "name": "风吹草",
    "size": 3,
    "type": "mp3",
    "duration": 28080
  },
  {
    "isLineAudio": false,
    "name": "鸟",
    "size": 9,
    "type": "mp3",
    "duration": 3448
  },
  {
    "isLineAudio": true,
    "name": "鸟鸣",
    "size": 1,
    "type": "mp3",
    "duration": 0
  },
  {
    "isLineAudio": true,
    "name": "鸟鸣II",
    "size": 1,
    "type": "mp3",
    "duration": 0
  }
]