{
  "name": "夏雨",
  "description": "六月与夏雨的邂逅",
  "data": [
    {
      "audioName": "河流.mp3",
      "duration": 0,
      "isLineAudio": true,
      "isPointAudio": false,
      "isRawRes": true,
      "startPlayTime": 0,
      "totalEndTime": 0,
      "frequency": 0,
      "names": [],
      "volume": 1.0,
      "pitch": 0.0,
      "speed": 0.0
    },
    {
      "audioName": "夏雨.mp3",
      "duration": 0,
      "isLineAudio": true,
      "isPointAudio": false,
      "isRawRes": true,
      "startPlayTime": 0,
      "totalEndTime": 0,
      "frequency": 0,
      "names": [],
      "volume": 1.0,
      "pitch": 0.0,
      "speed": 0.0
    },
    {
      "audioName": "雨打树叶.mp3",
      "duration": 0,
      "isLineAudio": true,
      "isPointAudio": false,
      "isRawRes": true,
      "startPlayTime": 0,
      "totalEndTime": 0,
      "frequency": 0,
      "names": [],
      "volume": 1.0,
      "pitch": 0.0,
      "speed": 0.0
    },
    {
      "duration": 3082,
      "frequency": 15,
      "isLineAudio": false,
      "isPointAudio": true,
      "isRawRes": true,
      "names": [
        "青蛙1.mp3",
        "青蛙2.mp3",
        "青蛙3.mp3",
        "青蛙4.mp3",
        "青蛙5.mp3"
      ],
      "startPlayTime": 0,
      "totalEndTime": 120059,
      "pitch": 0.0,
      "speed": 0.0,
      "volume": 1.0
    },
    {
      "duration": 2064,
      "frequency": 44,
      "isLineAudio": false,
      "isPointAudio": true,
      "isRawRes": true,
      "names": [
        "雨滴1.mp3",
        "雨滴2.mp3",
        "雨滴3.mp3",
        "雨滴4.mp3",
        "雨滴5.mp3",
        "雨滴6.mp3",
        "雨滴7.mp3",
        "雨滴8.mp3"
      ],
      "startPlayTime": 0,
      "totalEndTime": 120059,
      "pitch": 0.0,
      "speed": 0.0,
      "volume": 1.0
    },
    {
      "duration": 8046,
      "frequency": 5,
      "isLineAudio": false,
      "isPointAudio": true,
      "isRawRes": true,
      "names": [
        "雷1.mp3",
        "雷2.mp3",
        "雷3.mp3"
      ],
      "startPlayTime": 0,
      "totalEndTime": 120059,
      "pitch": 0.0,
      "speed": 0.0,
      "volume": 1.0
    }
  ]
}