{
  "name": "海洋",
  "description": "七月的盛夏时光",
  "data": [
    {
      "audioName": "空气.mp3",
      "duration": 0,
      "isLineAudio": true,
      "isPointAudio": false,
      "isRawRes": true,
      "startPlayTime": 0,
      "totalEndTime": 0,
      "frequency": 0,
      "names": [],
      "volume": 1.0,
      "pitch": 0.0,
      "speed": 0.0
    },
    {
      "audioName": "近海.mp3",
      "duration": 0,
      "isLineAudio": true,
      "isPointAudio": false,
      "isRawRes": true,
      "startPlayTime": 0,
      "totalEndTime": 0,
      "frequency": 0,
      "names": [],
      "volume": 1.0,
      "pitch": 0.0,
      "speed": 0.0
    },
    {
      "audioName": "远海.mp3",
      "duration": 0,
      "isLineAudio": true,
      "isPointAudio": false,
      "isRawRes": true,
      "startPlayTime": 0,
      "totalEndTime": 0,
      "frequency": 0,
      "names": [],
      "volume": 1.0,
      "pitch": 0.0,
      "speed": 0.0
    },
    {
      "duration": 18000,
      "frequency": 2,
      "isLineAudio": false,
      "isPointAudio": true,
      "isRawRes": true,
      "names": [
        "快艇.mp3"
      ],
      "startPlayTime": 0,
      "totalEndTime": 120048,
      "pitch": 0.0,
      "speed": 0.0,
      "volume": 1.0
    },
    {
      "duration": 7176,
      "frequency": 7,
      "isLineAudio": false,
      "isPointAudio": true,
      "isRawRes": true,
      "names": [
        "海浪1.mp3",
        "海浪2.mp3",
        "海浪3.mp3",
        "海浪4.mp3",
        "海浪5.mp3",
        "海浪6.mp3"
      ],
      "startPlayTime": 0,
      "totalEndTime": 120048,
      "pitch": 0.0,
      "speed": 0.0,
      "volume": 1.0
    },
    {
      "duration": 18816,
      "frequency": 5,
      "isLineAudio": false,
      "isPointAudio": true,
      "isRawRes": true,
      "names": [
        "海鸥1.mp3",
        "海鸥2.mp3",
        "海鸥3.mp3",
        "海鸥4.mp3",
        "海鸥5.mp3"
      ],
      "startPlayTime": 0,
      "totalEndTime": 120048,
      "pitch": 0.0,
      "speed": 0.0,
      "volume": 1.0
    },
    {
      "duration": 8472,
      "frequency": 2,
      "isLineAudio": false,
      "isPointAudio": true,
      "isRawRes": true,
      "names": [
        "船笛1.mp3",
        "船笛2.mp3"
      ],
      "startPlayTime": 0,
      "totalEndTime": 120048,
      "pitch": 0.0,
      "speed": 0.0,
      "volume": 1.0
    }
  ]
}