{
  "name": "炉火",
  "description": "温暖冬日的闲暇时光",
  "data": [
    {
      "audioName": "时钟.mp3",
      "duration": 0,
      "isLineAudio": true,
      "isPointAudio": false,
      "isRawRes": true,
      "startPlayTime": 0,
      "totalEndTime": 0,
      "frequency": 0,
      "names": [],
      "volume": 1.0,
      "pitch": 0.0,
      "speed": 0.0
    },
    {
      "audioName": "炉火.mp3",
      "duration": 0,
      "isLineAudio": true,
      "isPointAudio": false,
      "isRawRes": true,
      "startPlayTime": 0,
      "totalEndTime": 0,
      "frequency": 0,
      "names": [],
      "volume": 1.0,
      "pitch": 0.0,
      "speed": 0.0
    },
    {
      "audioName": "窗外的风.mp3",
      "duration": 0,
      "isLineAudio": true,
      "isPointAudio": false,
      "isRawRes": true,
      "startPlayTime": 0,
      "totalEndTime": 0,
      "frequency": 0,
      "names": [],
      "volume": 1.0,
      "pitch": 0.0,
      "speed": 0.0
    },
    {
      "audioName": "钢琴.mp3",
      "duration": 0,
      "isLineAudio": true,
      "isPointAudio": false,
      "isRawRes": true,
      "startPlayTime": 0,
      "totalEndTime": 0,
      "frequency": 0,
      "names": [],
      "volume": 1.0,
      "pitch": 0.0,
      "speed": 0.0
    },
    {
      "duration": 816,
      "frequency": 24,
      "isLineAudio": false,
      "isPointAudio": true,
      "isRawRes": true,
      "names": [
        "火焰啪啪1.mp3",
        "火焰啪啪2.mp3",
        "火焰啪啪3.mp3",
        "火焰啪啪4.mp3"
      ],
      "startPlayTime": 0,
      "totalEndTime": 120048,
      "pitch": 0.0,
      "speed": 0.0,
      "volume": 1.0
    },
    {
      "duration": 6768,
      "frequency": 2,
      "isLineAudio": false,
      "isPointAudio": true,
      "isRawRes": true,
      "names": [
        "翻书1.mp3",
        "翻书2.mp3",
        "翻书3.mp3",
        "翻书4.mp3",
        "翻书5.mp3"
      ],
      "startPlayTime": 0,
      "totalEndTime": 120048,
      "pitch": 0.0,
      "speed": 0.0,
      "volume": 1.0
    }
  ]
}